Workbook

Sheet stoichiometric_matrix
A1: process_index | B1: process | C1: S_O | D1: S_F | E1: S_A | F1: S_NH4 | G1: S_NO2 | H1: S_NO3 | I1: S_N2 | J1: S_PO4 | K1: S_I | L1: S_ALK | M1: X_I | N1: X_S | O1: X_H | P1: X_PAO | Q1: X_PP | R1: X_PHA | S1: X_AOB | T1: X_NOB | U1: X_MeP | V1: X_MeOH
A2: 1 | B2: Aerobic hydrolysis | D2: =1-'parameter_table'!$E$8 | F2: =-(D2*('parameter_table'!$E$11)+K2*('parameter_table'!$E$10)+I2+G2+H2+M2*('parameter_table'!$E$12)+N2*('parameter_table'!$E$13)+O2*('parameter_table'!$E$14)+P2*('parameter_table'!$E$14)+S2*('parameter_table'!$E$14)+T2*('parameter_table'!$E$14)) | J2: =-(D2*('parameter_table'!$E$16)+K2*('parameter_table'!$E$15)+M2*('parameter_table'!$E$17)+N2*('parameter_table'!$E$18)+O2*('parameter_table'!$E$19)+P2*('parameter_table'!$E$19)+Q2+S2*('parameter_table'!$E$19)+T2*('parameter_table'!$E$19)+U2*('parameter_table'!$E$25)) | K2: ='parameter_table'!$E$8 | L2: =F2/14-G2/14-H2/14+J2/31 | N2: =-1
A3: 2 | B3: Anoxic hydrolysis (NO2) | D3: =1-'parameter_table'!$E$8 | F3: =-(D3*('parameter_table'!$E$11)+K3*('parameter_table'!$E$10)+I3+G3+H3+M3*('parameter_table'!$E$12)+N3*('parameter_table'!$E$13)+O3*('parameter_table'!$E$14)+P3*('parameter_table'!$E$14)+S3*('parameter_table'!$E$14)+T3*('parameter_table'!$E$14)) | J3: =-(D3*('parameter_table'!$E$16)+K3*('parameter_table'!$E$15)+M3*('parameter_table'!$E$17)+N3*('parameter_table'!$E$18)+O3*('parameter_table'!$E$19)+P3*('parameter_table'!$E$19)+Q3+S3*('parameter_table'!$E$19)+T3*('parameter_table'!$E$19)+U3*('parameter_table'!$E$25)) | K3: ='parameter_table'!$E$8 | L3: =F3/14-G3/14-H3/14+J3/31 | N3: =-1
A4: 3 | B4: Anoxic hydrolysis (NO3) | D4: =1-'parameter_table'!$E$8 | F4: =-(D4*('parameter_table'!$E$11)+K4*('parameter_table'!$E$10)+I4+G4+H4+M4*('parameter_table'!$E$12)+N4*('parameter_table'!$E$13)+O4*('parameter_table'!$E$14)+P4*('parameter_table'!$E$14)+S4*('parameter_table'!$E$14)+T4*('parameter_table'!$E$14)) | J4: =-(D4*('parameter_table'!$E$16)+K4*('parameter_table'!$E$15)+M4*('parameter_table'!$E$17)+N4*('parameter_table'!$E$18)+O4*('parameter_table'!$E$19)+P4*('parameter_table'!$E$19)+Q4+S4*('parameter_table'!$E$19)+T4*('parameter_table'!$E$19)+U4*('parameter_table'!$E$25)) | K4: ='parameter_table'!$E$8 | L4: =F4/14-G4/14-H4/14+J4/31 | N4: =-1
A5: 4 | B5: Anaerobic hydrolysis | D5: =1-'parameter_table'!$E$8 | F5: =-(D5*('parameter_table'!$E$11)+K5*('parameter_table'!$E$10)+I5+G5+H5+M5*('parameter_table'!$E$12)+N5*('parameter_table'!$E$13)+O5*('parameter_table'!$E$14)+P5*('parameter_table'!$E$14)+S5*('parameter_table'!$E$14)+T5*('parameter_table'!$E$14)) | J5: =-(D5*('parameter_table'!$E$16)+K5*('parameter_table'!$E$15)+M5*('parameter_table'!$E$17)+N5*('parameter_table'!$E$18)+O5*('parameter_table'!$E$19)+P5*('parameter_table'!$E$19)+Q5+S5*('parameter_table'!$E$19)+T5*('parameter_table'!$E$19)+U5*('parameter_table'!$E$25)) | K5: ='parameter_table'!$E$8 | L5: =F5/14-G5/14-H5/14+J5/31 | N5: =-1
A6: 5 | B6: Aerobic growth on S_F | C6: =1-1/'parameter_table'!$E$2 | D6: =-1/'parameter_table'!$E$2 | F6: =-(D6*('parameter_table'!$E$11)+K6*('parameter_table'!$E$10)+I6+G6+H6+M6*('parameter_table'!$E$12)+N6*('parameter_table'!$E$13)+O6*('parameter_table'!$E$14)+P6*('parameter_table'!$E$14)+S6*('parameter_table'!$E$14)+T6*('parameter_table'!$E$14)) | J6: =-(D6*('parameter_table'!$E$16)+K6*('parameter_table'!$E$15)+M6*('parameter_table'!$E$17)+N6*('parameter_table'!$E$18)+O6*('parameter_table'!$E$19)+P6*('parameter_table'!$E$19)+Q6+S6*('parameter_table'!$E$19)+T6*('parameter_table'!$E$19)+U6*('parameter_table'!$E$25)) | L6: =F6/14-G6/14-H6/14+J6/31 | O6: =1
A7: 6 | B7: Aerobic growth on S_A | C7: =1-1/'parameter_table'!$E$2 | E7: =-1/'parameter_table'!$E$2 | F7: =-(D7*('parameter_table'!$E$11)+K7*('parameter_table'!$E$10)+I7+G7+H7+M7*('parameter_table'!$E$12)+N7*('parameter_table'!$E$13)+O7*('parameter_table'!$E$14)+P7*('parameter_table'!$E$14)+S7*('parameter_table'!$E$14)+T7*('parameter_table'!$E$14)) | J7: =-(D7*('parameter_table'!$E$16)+K7*('parameter_table'!$E$15)+M7*('parameter_table'!$E$17)+N7*('parameter_table'!$E$18)+O7*('parameter_table'!$E$19)+P7*('parameter_table'!$E$19)+Q7+S7*('parameter_table'!$E$19)+T7*('parameter_table'!$E$19)+U7*('parameter_table'!$E$25)) | L7: =F7/14-G7/14-H7/14+J7/31 | O7: =1
A8: 7 | B8: Anoxic growth on S_F (NO3 -> NO2) | D8: =-1/'parameter_table'!$E$2 | F8: =-(D8*('parameter_table'!$E$11)+K8*('parameter_table'!$E$10)+I8+G8+H8+M8*('parameter_table'!$E$12)+N8*('parameter_table'!$E$13)+O8*('parameter_table'!$E$14)+P8*('parameter_table'!$E$14)+S8*('parameter_table'!$E$14)+T8*('parameter_table'!$E$14)) | G8: =(1-'parameter_table'!$E$2)/((8/7)*'parameter_table'!$E$2) | H8: =-((1-'parameter_table'!$E$2)/((8/7)*'parameter_table'!$E$2)) | J8: =-(D8*('parameter_table'!$E$16)+K8*('parameter_table'!$E$15)+M8*('parameter_table'!$E$17)+N8*('parameter_table'!$E$18)+O8*('parameter_table'!$E$19)+P8*('parameter_table'!$E$19)+Q8+S8*('parameter_table'!$E$19)+T8*('parameter_table'!$E$19)+U8*('parameter_table'!$E$25)) | L8: =F8/14-G8/14-H8/14+J8/31 | O8: =1
A9: 8 | B9: Anoxic growth on S_F (NO2 -> N2) | D9: =-1/'parameter_table'!$E$2 | F9: =-(D9*('parameter_table'!$E$11)+K9*('parameter_table'!$E$10)+I9+G9+H9+M9*('parameter_table'!$E$12)+N9*('parameter_table'!$E$13)+O9*('parameter_table'!$E$14)+P9*('parameter_table'!$E$14)+S9*('parameter_table'!$E$14)+T9*('parameter_table'!$E$14)) | G9: =-((1-'parameter_table'!$E$2)/(1.72*'parameter_table'!$E$2)) | I9: =(1-'parameter_table'!$E$2)/(1.72*'parameter_table'!$E$2) | J9: =-(D9*('parameter_table'!$E$16)+K9*('parameter_table'!$E$15)+M9*('parameter_table'!$E$17)+N9*('parameter_table'!$E$18)+O9*('parameter_table'!$E$19)+P9*('parameter_table'!$E$19)+Q9+S9*('parameter_table'!$E$19)+T9*('parameter_table'!$E$19)+U9*('parameter_table'!$E$25)) | L9: =F9/14-G9/14-H9/14+J9/31 | O9: =1
A10: 9 | B10: Anoxic growth on S_A (NO3 -> NO2) | E10: =-1/'parameter_table'!$E$2 | F10: =-(D10*('parameter_table'!$E$11)+K10*('parameter_table'!$E$10)+I10+G10+H10+M10*('parameter_table'!$E$12)+N10*('parameter_table'!$E$13)+O10*('parameter_table'!$E$14)+P10*('parameter_table'!$E$14)+S10*('parameter_table'!$E$14)+T10*('parameter_table'!$E$14)) | G10: =(1-'parameter_table'!$E$2)/((8/7)*'parameter_table'!$E$2) | H10: =-((1-'parameter_table'!$E$2)/((8/7)*'parameter_table'!$E$2)) | J10: =-(D10*('parameter_table'!$E$16)+K10*('parameter_table'!$E$15)+M10*('parameter_table'!$E$17)+N10*('parameter_table'!$E$18)+O10*('parameter_table'!$E$19)+P10*('parameter_table'!$E$19)+Q10+S10*('parameter_table'!$E$19)+T10*('parameter_table'!$E$19)+U10*('parameter_table'!$E$25)) | L10: =F10/14-G10/14-H10/14+J10/31 | O10: =1
A11: 10 | B11: Anoxic growth on S_A (NO2 -> N2) | E11: =-1/'parameter_table'!$E$2 | F11: =-(D11*('parameter_table'!$E$11)+K11*('parameter_table'!$E$10)+I11+G11+H11+M11*('parameter_table'!$E$12)+N11*('parameter_table'!$E$13)+O11*('parameter_table'!$E$14)+P11*('parameter_table'!$E$14)+S11*('parameter_table'!$E$14)+T11*('parameter_table'!$E$14)) | G11: =-((1-'parameter_table'!$E$2)/(1.72*'parameter_table'!$E$2)) | I11: =(1-'parameter_table'!$E$2)/(1.72*'parameter_table'!$E$2) | J11: =-(D11*('parameter_table'!$E$16)+K11*('parameter_table'!$E$15)+M11*('parameter_table'!$E$17)+N11*('parameter_table'!$E$18)+O11*('parameter_table'!$E$19)+P11*('parameter_table'!$E$19)+Q11+S11*('parameter_table'!$E$19)+T11*('parameter_table'!$E$19)+U11*('parameter_table'!$E$25)) | L11: =F11/14-G11/14-H11/14+J11/31 | O11: =1
A12: 11 | B12: Fermentation | D12: =-1 | E12: =1 | F12: =-(D12*('parameter_table'!$E$11)+K12*('parameter_table'!$E$10)+I12+G12+H12+M12*('parameter_table'!$E$12)+N12*('parameter_table'!$E$13)+O12*('parameter_table'!$E$14)+P12*('parameter_table'!$E$14)+S12*('parameter_table'!$E$14)+T12*('parameter_table'!$E$14)) | J12: =-(D12*('parameter_table'!$E$16)+K12*('parameter_table'!$E$15)+M12*('parameter_table'!$E$17)+N12*('parameter_table'!$E$18)+O12*('parameter_table'!$E$19)+P12*('parameter_table'!$E$19)+Q12+S12*('parameter_table'!$E$19)+T12*('parameter_table'!$E$19)+U12*('parameter_table'!$E$25)) | L12: =F12/14-G12/14-H12/14+J12/31
A13: 12 | B13: Lysis of X_H | F13: =-(D13*('parameter_table'!$E$11)+K13*('parameter_table'!$E$10)+I13+G13+H13+M13*('parameter_table'!$E$12)+N13*('parameter_table'!$E$13)+O13*('parameter_table'!$E$14)+P13*('parameter_table'!$E$14)+S13*('parameter_table'!$E$14)+T13*('parameter_table'!$E$14)) | J13: =-(D13*('parameter_table'!$E$16)+K13*('parameter_table'!$E$15)+M13*('parameter_table'!$E$17)+N13*('parameter_table'!$E$18)+O13*('parameter_table'!$E$19)+P13*('parameter_table'!$E$19)+Q13+S13*('parameter_table'!$E$19)+T13*('parameter_table'!$E$19)+U13*('parameter_table'!$E$25)) | L13: =F13/14-G13/14-H13/14+J13/31 | M13: ='parameter_table'!$E$9 | N13: =1-'parameter_table'!$E$9 | O13: =-1
A14: 13 | B14: Storage of X_PHA | E14: =-1 | F14: =-(D14*('parameter_table'!$E$11)+K14*('parameter_table'!$E$10)+I14+G14+H14+M14*('parameter_table'!$E$12)+N14*('parameter_table'!$E$13)+O14*('parameter_table'!$E$14)+P14*('parameter_table'!$E$14)+S14*('parameter_table'!$E$14)+T14*('parameter_table'!$E$14)) | J14: =-(D14*('parameter_table'!$E$16)+K14*('parameter_table'!$E$15)+M14*('parameter_table'!$E$17)+N14*('parameter_table'!$E$18)+O14*('parameter_table'!$E$19)+P14*('parameter_table'!$E$19)+Q14+S14*('parameter_table'!$E$19)+T14*('parameter_table'!$E$19)+U14*('parameter_table'!$E$25)) | L14: =F14/14-G14/14-H14/14+J14/31 | Q14: =-'parameter_table'!$E$5 | R14: =1
A15: 14 | B15: Aerobic storage of X_PP | C15: =-'parameter_table'!$E$4 | F15: =-(D15*('parameter_table'!$E$11)+K15*('parameter_table'!$E$10)+I15+G15+H15+M15*('parameter_table'!$E$12)+N15*('parameter_table'!$E$13)+O15*('parameter_table'!$E$14)+P15*('parameter_table'!$E$14)+S15*('parameter_table'!$E$14)+T15*('parameter_table'!$E$14)) | J15: =-(D15*('parameter_table'!$E$16)+K15*('parameter_table'!$E$15)+M15*('parameter_table'!$E$17)+N15*('parameter_table'!$E$18)+O15*('parameter_table'!$E$19)+P15*('parameter_table'!$E$19)+Q15+S15*('parameter_table'!$E$19)+T15*('parameter_table'!$E$19)+U15*('parameter_table'!$E$25)) | L15: =F15/14-G15/14-H15/14+J15/31 | Q15: =1 | R15: =-'parameter_table'!$E$4
A16: 15 | B16: Anoxic storage of X_PP (NO3 -> NO2) | F16: =-(D16*('parameter_table'!$E$11)+K16*('parameter_table'!$E$10)+I16+G16+H16+M16*('parameter_table'!$E$12)+N16*('parameter_table'!$E$13)+O16*('parameter_table'!$E$14)+P16*('parameter_table'!$E$14)+S16*('parameter_table'!$E$14)+T16*('parameter_table'!$E$14)) | G16: ='parameter_table'!$E$4/(8/7) | H16: =-('parameter_table'!$E$4/(8/7)) | J16: =-(D16*('parameter_table'!$E$16)+K16*('parameter_table'!$E$15)+M16*('parameter_table'!$E$17)+N16*('parameter_table'!$E$18)+O16*('parameter_table'!$E$19)+P16*('parameter_table'!$E$19)+Q16+S16*('parameter_table'!$E$19)+T16*('parameter_table'!$E$19)+U16*('parameter_table'!$E$25)) | L16: =F16/14-G16/14-H16/14+J16/31 | Q16: =1 | R16: =-'parameter_table'!$E$4
A17: 16 | B17: Anoxic storage of X_PP (NO2 -> N2) | F17: =-(D17*('parameter_table'!$E$11)+K17*('parameter_table'!$E$10)+I17+G17+H17+M17*('parameter_table'!$E$12)+N17*('parameter_table'!$E$13)+O17*('parameter_table'!$E$14)+P17*('parameter_table'!$E$14)+S17*('parameter_table'!$E$14)+T17*('parameter_table'!$E$14)) | G17: =-('parameter_table'!$E$4/1.72) | I17: ='parameter_table'!$E$4/1.72 | J17: =-(D17*('parameter_table'!$E$16)+K17*('parameter_table'!$E$15)+M17*('parameter_table'!$E$17)+N17*('parameter_table'!$E$18)+O17*('parameter_table'!$E$19)+P17*('parameter_table'!$E$19)+Q17+S17*('parameter_table'!$E$19)+T17*('parameter_table'!$E$19)+U17*('parameter_table'!$E$25)) | L17: =F17/14-G17/14-H17/14+J17/31 | Q17: =1 | R17: =-'parameter_table'!$E$4
A18: 17 | B18: Aerobic growth (PAO) | C18: =1-1/'parameter_table'!$E$3 | F18: =-(D18*('parameter_table'!$E$11)+K18*('parameter_table'!$E$10)+I18+G18+H18+M18*('parameter_table'!$E$12)+N18*('parameter_table'!$E$13)+O18*('parameter_table'!$E$14)+P18*('parameter_table'!$E$14)+S18*('parameter_table'!$E$14)+T18*('parameter_table'!$E$14)) | J18: =-(D18*('parameter_table'!$E$16)+K18*('parameter_table'!$E$15)+M18*('parameter_table'!$E$17)+N18*('parameter_table'!$E$18)+O18*('parameter_table'!$E$19)+P18*('parameter_table'!$E$19)+Q18+S18*('parameter_table'!$E$19)+T18*('parameter_table'!$E$19)+U18*('parameter_table'!$E$25)) | L18: =F18/14-G18/14-H18/14+J18/31 | P18: =1 | R18: =-1/'parameter_table'!$E$3
A19: 18 | B19: Anoxic growth (PAO, NO3 -> NO2) | F19: =-(D19*('parameter_table'!$E$11)+K19*('parameter_table'!$E$10)+I19+G19+H19+M19*('parameter_table'!$E$12)+N19*('parameter_table'!$E$13)+O19*('parameter_table'!$E$14)+P19*('parameter_table'!$E$14)+S19*('parameter_table'!$E$14)+T19*('parameter_table'!$E$14)) | G19: =(1-'parameter_table'!$E$3)/((8/7)*'parameter_table'!$E$3) | H19: =-((1-'parameter_table'!$E$3)/((8/7)*'parameter_table'!$E$3)) | J19: =-(D19*('parameter_table'!$E$16)+K19*('parameter_table'!$E$15)+M19*('parameter_table'!$E$17)+N19*('parameter_table'!$E$18)+O19*('parameter_table'!$E$19)+P19*('parameter_table'!$E$19)+Q19+S19*('parameter_table'!$E$19)+T19*('parameter_table'!$E$19)+U19*('parameter_table'!$E$25)) | L19: =F19/14-G19/14-H19/14+J19/31 | P19: =1 | R19: =-1/'parameter_table'!$E$3
A20: 19 | B20: Anoxic growth (PAO, NO2 -> N2) | F20: =-(D20*('parameter_table'!$E$11)+K20*('parameter_table'!$E$10)+I20+G20+H20+M20*('parameter_table'!$E$12)+N20*('parameter_table'!$E$13)+O20*('parameter_table'!$E$14)+P20*('parameter_table'!$E$14)+S20*('parameter_table'!$E$14)+T20*('parameter_table'!$E$14)) | G20: =-((1-'parameter_table'!$E$3)/(1.72*'parameter_table'!$E$3)) | I20: =(1-'parameter_table'!$E$3)/(1.72*'parameter_table'!$E$3) | J20: =-(D20*('parameter_table'!$E$16)+K20*('parameter_table'!$E$15)+M20*('parameter_table'!$E$17)+N20*('parameter_table'!$E$18)+O20*('parameter_table'!$E$19)+P20*('parameter_table'!$E$19)+Q20+S20*('parameter_table'!$E$19)+T20*('parameter_table'!$E$19)+U20*('parameter_table'!$E$25)) | L20: =F20/14-G20/14-H20/14+J20/31 | P20: =1 | R20: =-1/'parameter_table'!$E$3
A21: 20 | B21: Lysis of X_PAO | F21: =-(D21*('parameter_table'!$E$11)+K21*('parameter_table'!$E$10)+I21+G21+H21+M21*('parameter_table'!$E$12)+N21*('parameter_table'!$E$13)+O21*('parameter_table'!$E$14)+P21*('parameter_table'!$E$14)+S21*('parameter_table'!$E$14)+T21*('parameter_table'!$E$14)) | J21: =-(D21*('parameter_table'!$E$16)+K21*('parameter_table'!$E$15)+M21*('parameter_table'!$E$17)+N21*('parameter_table'!$E$18)+O21*('parameter_table'!$E$19)+P21*('parameter_table'!$E$19)+Q21+S21*('parameter_table'!$E$19)+T21*('parameter_table'!$E$19)+U21*('parameter_table'!$E$25)) | L21: =F21/14-G21/14-H21/14+J21/31 | M21: ='parameter_table'!$E$9 | N21: =1-'parameter_table'!$E$9 | P21: =-1
A22: 21 | B22: Lysis of X_PP | F22: =-(D22*('parameter_table'!$E$11)+K22*('parameter_table'!$E$10)+I22+G22+H22+M22*('parameter_table'!$E$12)+N22*('parameter_table'!$E$13)+O22*('parameter_table'!$E$14)+P22*('parameter_table'!$E$14)+S22*('parameter_table'!$E$14)+T22*('parameter_table'!$E$14)) | J22: =-(D22*('parameter_table'!$E$16)+K22*('parameter_table'!$E$15)+M22*('parameter_table'!$E$17)+N22*('parameter_table'!$E$18)+O22*('parameter_table'!$E$19)+P22*('parameter_table'!$E$19)+Q22+S22*('parameter_table'!$E$19)+T22*('parameter_table'!$E$19)+U22*('parameter_table'!$E$25)) | L22: =F22/14-G22/14-H22/14+J22/31 | Q22: =-1
A23: 22 | B23: Lysis of X_PHA | E23: =1 | F23: =-(D23*('parameter_table'!$E$11)+K23*('parameter_table'!$E$10)+I23+G23+H23+M23*('parameter_table'!$E$12)+N23*('parameter_table'!$E$13)+O23*('parameter_table'!$E$14)+P23*('parameter_table'!$E$14)+S23*('parameter_table'!$E$14)+T23*('parameter_table'!$E$14)) | J23: =-(D23*('parameter_table'!$E$16)+K23*('parameter_table'!$E$15)+M23*('parameter_table'!$E$17)+N23*('parameter_table'!$E$18)+O23*('parameter_table'!$E$19)+P23*('parameter_table'!$E$19)+Q23+S23*('parameter_table'!$E$19)+T23*('parameter_table'!$E$19)+U23*('parameter_table'!$E$25)) | L23: =F23/14-G23/14-H23/14+J23/31 | R23: =-1
A24: 23 | B24: Aerobic growth of X_AOB | C24: =-((3.43-'parameter_table'!$E$6)/'parameter_table'!$E$6) | F24: =-(D24*('parameter_table'!$E$11)+K24*('parameter_table'!$E$10)+I24+G24+H24+M24*('parameter_table'!$E$12)+N24*('parameter_table'!$E$13)+O24*('parameter_table'!$E$14)+P24*('parameter_table'!$E$14)+S24*('parameter_table'!$E$14)+T24*('parameter_table'!$E$14)) | G24: =1/'parameter_table'!$E$6 | J24: =-(D24*('parameter_table'!$E$16)+K24*('parameter_table'!$E$15)+M24*('parameter_table'!$E$17)+N24*('parameter_table'!$E$18)+O24*('parameter_table'!$E$19)+P24*('parameter_table'!$E$19)+Q24+S24*('parameter_table'!$E$19)+T24*('parameter_table'!$E$19)+U24*('parameter_table'!$E$25)) | L24: =F24/14-G24/14-H24/14+J24/31 | S24: =1
A25: 24 | B25: Aerobic growth of X_NOB | C25: =-((1.14-'parameter_table'!$E$7)/'parameter_table'!$E$7) | F25: =-(D25*('parameter_table'!$E$11)+K25*('parameter_table'!$E$10)+I25+G25+H25+M25*('parameter_table'!$E$12)+N25*('parameter_table'!$E$13)+O25*('parameter_table'!$E$14)+P25*('parameter_table'!$E$14)+S25*('parameter_table'!$E$14)+T25*('parameter_table'!$E$14)) | G25: =-1/'parameter_table'!$E$7 | H25: =1/'parameter_table'!$E$7 | J25: =-(D25*('parameter_table'!$E$16)+K25*('parameter_table'!$E$15)+M25*('parameter_table'!$E$17)+N25*('parameter_table'!$E$18)+O25*('parameter_table'!$E$19)+P25*('parameter_table'!$E$19)+Q25+S25*('parameter_table'!$E$19)+T25*('parameter_table'!$E$19)+U25*('parameter_table'!$E$25)) | L25: =F25/14-G25/14-H25/14+J25/31 | T25: =1
A26: 25 | B26: Lysis of X_AOB | F26: =-(D26*('parameter_table'!$E$11)+K26*('parameter_table'!$E$10)+I26+G26+H26+M26*('parameter_table'!$E$12)+N26*('parameter_table'!$E$13)+O26*('parameter_table'!$E$14)+P26*('parameter_table'!$E$14)+S26*('parameter_table'!$E$14)+T26*('parameter_table'!$E$14)) | J26: =-(D26*('parameter_table'!$E$16)+K26*('parameter_table'!$E$15)+M26*('parameter_table'!$E$17)+N26*('parameter_table'!$E$18)+O26*('parameter_table'!$E$19)+P26*('parameter_table'!$E$19)+Q26+S26*('parameter_table'!$E$19)+T26*('parameter_table'!$E$19)+U26*('parameter_table'!$E$25)) | L26: =F26/14-G26/14-H26/14+J26/31 | M26: ='parameter_table'!$E$9 | N26: =1-'parameter_table'!$E$9 | S26: =-1
A27: 26 | B27: Lysis of X_NOB | F27: =-(D27*('parameter_table'!$E$11)+K27*('parameter_table'!$E$10)+I27+G27+H27+M27*('parameter_table'!$E$12)+N27*('parameter_table'!$E$13)+O27*('parameter_table'!$E$14)+P27*('parameter_table'!$E$14)+S27*('parameter_table'!$E$14)+T27*('parameter_table'!$E$14)) | J27: =-(D27*('parameter_table'!$E$16)+K27*('parameter_table'!$E$15)+M27*('parameter_table'!$E$17)+N27*('parameter_table'!$E$18)+O27*('parameter_table'!$E$19)+P27*('parameter_table'!$E$19)+Q27+S27*('parameter_table'!$E$19)+T27*('parameter_table'!$E$19)+U27*('parameter_table'!$E$25)) | L27: =F27/14-G27/14-H27/14+J27/31 | M27: ='parameter_table'!$E$9 | N27: =1-'parameter_table'!$E$9 | T27: =-1
A28: 27 | B28: Precipitation | F28: =-(D28*('parameter_table'!$E$11)+K28*('parameter_table'!$E$10)+I28+G28+H28+M28*('parameter_table'!$E$12)+N28*('parameter_table'!$E$13)+O28*('parameter_table'!$E$14)+P28*('parameter_table'!$E$14)+S28*('parameter_table'!$E$14)+T28*('parameter_table'!$E$14)) | J28: =-1 | L28: =F28/14-G28/14-H28/14+J28/31 | U28: =4.87 | V28: =-3.45
A29: 28 | B29: Redissolution | F29: =-(D29*('parameter_table'!$E$11)+K29*('parameter_table'!$E$10)+I29+G29+H29+M29*('parameter_table'!$E$12)+N29*('parameter_table'!$E$13)+O29*('parameter_table'!$E$14)+P29*('parameter_table'!$E$14)+S29*('parameter_table'!$E$14)+T29*('parameter_table'!$E$14)) | J29: =1 | L29: =F29/14-G29/14-H29/14+J29/31 | U29: =-4.87 | V29: =3.45

Sheet composition_matrix
A1: state_group | B1: state_variable | C1: unit | D1: COD | E1: TN | F1: TKN | G1: TP | H1: TSS
A2: Dissolved | B2: S_O | C2: g O2/m^3
A3: Dissolved | B3: S_F | C3: g COD/m^3 | D3: =1 | E3: ='parameter_table'!$E$11 | F3: ='parameter_table'!$E$11 | G3: ='parameter_table'!$E$16
A4: Dissolved | B4: S_A | C4: g COD/m^3 | D4: =1
A5: Dissolved | B5: S_NH4 | C5: g N/m^3 | E5: =1 | F5: =1
A6: Dissolved | B6: S_NO2 | C6: g N/m^3 | E6: =1
A7: Dissolved | B7: S_NO3 | C7: g N/m^3 | E7: =1
A8: Dissolved | B8: S_N2 | C8: g N/m^3
A9: Dissolved | B9: S_PO4 | C9: g P/m^3 | G9: =1
A10: Dissolved | B10: S_I | C10: g COD/m^3 | D10: =1 | E10: ='parameter_table'!$E$10 | F10: ='parameter_table'!$E$10 | G10: ='parameter_table'!$E$15
A11: Dissolved | B11: S_ALK | C11: mol/m^3
A12: Particulate | B12: X_I | C12: g COD/m^3 | D12: =1 | E12: ='parameter_table'!$E$12 | F12: ='parameter_table'!$E$12 | G12: ='parameter_table'!$E$17 | H12: ='parameter_table'!$E$20
A13: Particulate | B13: X_S | C13: g COD/m^3 | D13: =1 | E13: ='parameter_table'!$E$13 | F13: ='parameter_table'!$E$13 | G13: ='parameter_table'!$E$18 | H13: ='parameter_table'!$E$21
A14: Particulate | B14: X_H | C14: g COD/m^3 | D14: =1 | E14: ='parameter_table'!$E$14 | F14: ='parameter_table'!$E$14 | G14: ='parameter_table'!$E$19 | H14: ='parameter_table'!$E$22
A15: Particulate | B15: X_PAO | C15: g COD/m^3 | D15: =1 | E15: ='parameter_table'!$E$14 | F15: ='parameter_table'!$E$14 | G15: ='parameter_table'!$E$19 | H15: ='parameter_table'!$E$22
A16: Particulate | B16: X_PP | C16: g P/m^3 | G16: =1 | H16: ='parameter_table'!$E$24
A17: Particulate | B17: X_PHA | C17: g COD/m^3 | D17: =1 | H17: ='parameter_table'!$E$23
A18: Particulate | B18: X_AOB | C18: g COD/m^3 | D18: =1 | E18: ='parameter_table'!$E$14 | F18: ='parameter_table'!$E$14 | G18: ='parameter_table'!$E$19 | H18: ='parameter_table'!$E$22
A19: Particulate | B19: X_NOB | C19: g COD/m^3 | D19: =1 | E19: ='parameter_table'!$E$14 | F19: ='parameter_table'!$E$14 | G19: ='parameter_table'!$E$19 | H19: ='parameter_table'!$E$22
A20: Particulate | B20: X_MeP | C20: g TSS/m^3 | G20: ='parameter_table'!$E$25 | H20: =1
A21: Particulate | B21: X_MeOH | C21: g TSS/m^3 | H21: =1

Sheet parameter_table
A1: category | B1: symbol | C1: excel_name | D1: description | E1: value | F1: unit
A2: Stoichiometric Parameters | B2: Y_H | C2: Y_H | D2: Yield coefficient for heterotrophic biomass | E2: 0.625 | F2: g COD/g COD
A3: Stoichiometric Parameters | B3: Y_PAO | C3: Y_PAO | D3: Yield coefficient for PAO biomass | E3: 0.625 | F3: g COD/g COD
A4: Stoichiometric Parameters | B4: Y_PHA | C4: Y_PHA | D4: PHA requirement for PP storage | E4: 0.2 | F4: g COD/g P
A5: Stoichiometric Parameters | B5: Y_PO4 | C5: Y_PO4 | D5: PO4 release per PHA stored | E5: 0.4 | F5: g P/g COD
A6: Stoichiometric Parameters | B6: Y_AOB | C6: Y_AOB | D6: Yield coefficient for AOB biomass | E6: 0.18 | F6: g COD/g N
A7: Stoichiometric Parameters | B7: Y_NOB | C7: Y_NOB | D7: Yield coefficient for NOB biomass | E7: 0.08 | F7: g COD/g N
A8: Stoichiometric Parameters | B8: f_SI | C8: f_SI | D8: Production of S_I in hydrolysis | E8: 0 | F8: g COD/g COD
A9: Stoichiometric Parameters | B9: f_XI | C9: f_XI | D9: Fraction of inert COD generated in biomass lysis | E9: 0.1 | F9: g COD/g COD
A10: Composition Parameters | B10: i_NSI | C10: i_NSI | D10: Nitrogen content of S_I | E10: 0.01 | F10: g N/g COD
A11: Composition Parameters | B11: i_NSF | C11: i_NSF | D11: Nitrogen content of S_F | E11: 0 | F11: g N/g COD
A12: Composition Parameters | B12: i_NXI | C12: i_NXI | D12: Nitrogen content of X_I | E12: 0.02 | F12: g N/g COD
A13: Composition Parameters | B13: i_NXS | C13: i_NXS | D13: Nitrogen content of X_S | E13: 0 | F13: g N/g COD
... A82: Precipitation Parameters | B82: K_ALK_chem | C82: K_ALK_chem | D82: Alkalinity saturation coefficient for redissolution | E82: 0.5 | F82: mol HCO3-/m^3
